bench;ind;r0;r1;r2;r3;r4;r5;r6;r7;r8;r9;sl;fp;ip;sp;lr;totalInstructions;memoryRead;memoryWrite;memoryAccess;text;data;bss;stack;rf_sdc;rf_hang;size;cycles;ft_overall;sdc_overall;hang_overall
bitcount1;02772d91b01d1f5bf9f9d3ffe8dad6cc0e59a58c;148;140;260;302;252;329;208;420;61;270;449;413;155;478;339;492;49;94;143;10216;2392;272;1025;7.0625;13.6875;145014;226;83.6363636364;5.13636363636;11.2272727273
bitcount1;038baea0b4df8fa78cf0f3056d27fb817c8f18e6;110;108;363;358;439;417;276;528;61;281;557;521;251;586;469;600;75;109;184;12092;2392;276;1025;6.0;17.5625;174785;267;81.7727272727;4.45454545455;13.7727272727
bitcount1;03e6de52e7628b47cbe565ff3481db61732a3c1f;237;214;313;350;517;479;338;590;61;281;619;583;152;648;378;662;109;139;248;12092;2392;276;1025;6.5625;18.375;174785;329;80.7727272727;4.95454545455;14.2727272727
bitcount1;047dd350e96f88e3301af27f1bbc8fad380d8e27;80;165;285;329;311;297;182;400;133;270;478;442;251;507;398;521;49;124;173;10408;2392;272;1025;9.4375;12.5;145708;255;82.6363636364;7.09090909091;10.2727272727
bitcount1;05425a7b99198278c3ef80283785ba9dc4c6eaa0;247;245;175;217;569;521;421;628;61;270;664;628;139;693;630;707;49;94;143;11004;2392;272;1025;14.25;15.25;172924;441;77.3181818182;10.5;12.1818181818
bitcount1;058076bce68b8203c0284f735e3630f79553cebc;202;198;205;296;252;387;266;478;61;270;507;471;139;536;480;550;80;123;203;10216;2392;272;1025;7.5;16.0625;145014;284;81.8181818182;5.59090909091;12.5909090909
bitcount1;058c1ced25fe33f071975172232eec04e7d24c86;68;89;251;301;377;341;220;432;61;270;461;415;146;383;434;504;53;96;149;10280;2392;272;1025;4.9375;16.5625;145078;238;83.5454545455;3.63636363636;12.8181818182
bitcount1;09c58a5e7dfce06431b7681cf63aa47278390ed6;155;78;253;300;252;326;205;417;61;270;446;410;222;475;419;489;48;93;141;10216;2392;272;1025;7.625;15.5625;145516;223;82.2272727273;5.77272727273;12.0
bitcount1;0afa1624ec8aba72e7f2c067ab105a174845b594;439;70;356;466;659;613;472;724;61;281;753;709;152;456;382;796;236;139;375;18748;2392;276;1025;3.3125;13.125;226489;463;87.2727272727;2.54545454545;10.1818181818
bitcount1;0c60a665280415fbffb3e3d04c79707d4c34f75e;386;56;253;409;578;542;421;633;61;270;662;615;139;384;635;705;209;126;335;10280;2392;272;1025;3.1875;17.125;145078;439;84.0454545455;2.36363636364;13.5909090909
bitcount1;0d4c1c217f06851774ef3fee3ac1e4f3f24db0ef;79;183;253;346;252;371;250;462;61;270;491;455;266;520;464;534;64;123;187;17788;2392;272;1025;9.125;16.75;198276;268;80.2272727273;6.63636363636;13.1363636364
bitcount1;0e352cbe1fc1968d1bfdafc25a7698c19b507966;369;424;237;409;540;248;820;1032;61;270;1061;1009;139;391;1020;1104;208;125;333;11068;2392;272;1025;6.6875;15.625;172698;838;82.8181818182;5.0;12.1818181818
bitcount1;0fff0194fe7882d527a332c70a8cf41e7e4abeb9;151;75;254;300;252;326;205;417;61;270;446;410;222;475;419;489;48;93;141;10216;2392;272;1025;7.0;16.375;145516;223;81.9545454545;5.13636363636;12.9090909091
bitcount1;13487d57f5f619e83fac86feb9bbb5f0c97d7f42;133;130;238;283;252;309;188;400;61;270;429;393;155;458;402;472;48;93;141;10216;2392;272;1025;6.4375;16.0625;145516;206;82.5909090909;4.72727272727;12.6818181818
bitcount1;15e12a7ad24c470cd041e4eae353875e23ffaab5;155;78;253;300;252;326;205;417;61;270;446;410;222;475;419;489;48;93;141;17788;2392;272;1025;7.9375;15.125;198276;223;82.1363636364;5.90909090909;11.9545454545
bitcount1;16c40f9b57f6fa8788f76337d4dd6d2f17b7d522;134;123;207;283;252;309;188;400;61;270;429;393;205;458;402;472;48;93;141;10216;2392;272;1025;6.375;14.625;145516;206;83.5909090909;4.72727272727;11.6818181818
bitcount1;18695188cd84511def869d858ab724dc5ad13054;63;122;191;285;252;312;191;403;61;270;432;396;139;461;405;475;50;93;143;10216;2392;272;1025;4.6875;14.9375;145014;209;84.7727272727;3.5;11.7272727273
bitcount1;1bd897249d757c931243606ea3b5bc4375c5a0c3;68;72;259;298;252;329;208;420;61;270;449;413;139;478;422;492;50;93;143;17852;2392;272;1025;4.75;16.3125;198340;226;83.6363636364;3.63636363636;12.7272727273
bitcount1;1c17e37a86b7892029cea3dd5bb8cef5f4a06949;180;75;285;329;252;356;235;447;61;270;476;440;250;505;449;519;49;123;172;17788;2392;272;1025;8.625;15.9375;198566;253;81.4545454545;6.27272727273;12.2727272727
bitcount1;1c66710c6bce3b7c56ce11f920dcc6be2860028f;152;78;255;297;252;327;206;418;61;270;447;411;223;476;420;490;48;93;141;10216;2392;272;1025;8.1875;15.25;145014;224;81.6363636364;6.13636363636;12.2272727273
bitcount1;20603b4f5b1a4995b3d69112c88222fcdecc877d;155;78;253;300;252;326;205;417;61;270;446;410;222;475;419;489;48;93;141;10216;2392;272;1025;7.5625;16.625;145518;223;80.9090909091;5.59090909091;13.5
bitcount1;241b856e552286f7f61149a68ec22c3f96dd1da5;371;56;285;377;563;527;406;618;61;270;647;600;139;384;620;690;209;126;335;10280;2392;272;1025;3.6875;14.8125;145078;424;85.3636363636;2.86363636364;11.7727272727
bitcount1;25a6cee21a4ec02cceafc0ed6c9960c6638bdb2d;155;78;253;300;252;326;205;417;61;270;446;410;222;475;419;489;48;93;141;10216;2392;272;1025;8.3125;15.875;145018;223;81.1363636364;6.13636363636;12.7272727273
bitcount1;263f6b080c43b1c6f83739b2da7cdc91217cd3bf;189;180;221;346;252;371;250;462;61;270;491;455;139;520;464;534;64;123;187;17788;2392;272;1025;7.3125;15.4375;198278;268;82.1818181818;5.36363636364;12.4545454545
bitcount1;2a54158d30849d0f00a4ec9a2d3a7a30f60220fd;71;91;253;301;252;329;208;420;61;270;449;413;229;478;419;492;49;94;143;10216;2392;272;1025;6.5;13.875;145516;226;84.2727272727;4.81818181818;10.9090909091
bitcount1;2b36fd05b9bdc9e992a88c2efdc658c571942ce8;138;124;189;283;252;309;188;400;61;270;429;393;205;458;402;472;48;93;141;10216;2392;272;1025;5.625;15.8125;145516;206;83.2727272727;4.13636363636;12.5909090909
bitcount1;2c136aa56f5daf72fdd5d5e37238ca81934e3f69;371;56;301;393;563;527;406;618;61;270;647;600;139;384;620;690;209;126;335;17916;2392;272;1025;3.875;16.4375;198416;424;83.6363636364;3.09090909091;13.2727272727
bitcount1;2e2f25e4094aa549523e8851e20eeef877a49c17;371;424;285;441;1027;991;870;1082;61;270;1111;1064;139;384;1062;1154;209;126;335;11068;2392;272;1025;4.8125;14.5625;172698;888;84.6818181818;3.77272727273;11.5454545455
bitcount1;3053c0e7f4b71357740b0cb4904f798189a032c2;189;180;221;346;252;371;250;462;61;270;491;455;139;520;464;534;64;123;187;17788;2392;272;1025;7.1875;15.8125;198276;268;82.3181818182;5.22727272727;12.4545454545
bitcount1;30c6c2d2a20b9614eb34b22851740fff0627258e;184;170;285;327;252;356;235;447;61;270;476;440;155;505;449;519;48;123;171;17788;2392;272;1025;8.75;14.9375;198568;253;81.6818181818;6.45454545455;11.8636363636
bitcount1;34996cb9ce3ace192180405d3fc83ff569659204;151;75;254;300;252;326;205;417;61;270;446;410;222;475;419;489;48;93;141;10216;2392;272;1025;7.5;14.9375;145016;223;82.5909090909;5.45454545455;11.9545454545
bitcount1;34f56aa7a1ce73d30b4ff8cdd52f361255a61795;113;63;216;282;324;286;159;373;81;270;449;413;229;478;419;492;49;94;143;10344;2392;272;1025;8.5;13.5;145644;226;82.9545454545;6.40909090909;10.6363636364
bitcount1;359f8a8d46e2fc89f58db087e6c72359a562544f;180;75;285;329;252;356;235;447;61;270;476;440;250;505;449;519;49;123;172;10216;2392;272;1025;9.375;15.8125;145516;253;80.5454545455;6.86363636364;12.5909090909
bitcount1;35a10dc927f78a647f0d122792d8a0ac0af2da0e;63;122;191;285;252;312;191;403;61;270;432;396;139;461;405;475;50;93;143;17788;2392;272;1025;5.75;15.8125;198276;209;82.9545454545;4.40909090909;12.6363636364
bitcount1;39a8328cc7921c27743868df872c220ef96a6203;155;78;253;300;252;326;205;417;61;270;446;410;222;475;419;489;48;93;141;17788;2392;272;1025;8.75;15.5;198260;223;81.0;6.45454545455;12.5454545455
bitcount1;39d1f173bce18b7ae935e188741f7de8d6fbc517;155;78;253;300;252;326;205;417;61;270;446;410;224;475;419;489;48;93;141;10216;2392;272;1025;6.4375;15.375;145014;223;83.0909090909;4.77272727273;12.1363636364
bitcount1;3cecb1a01321f36a09090910ecc122a83017c3f6;68;90;251;296;252;329;208;420;61;270;449;413;147;478;422;492;50;93;143;10216;2392;272;1025;5.375;14.3125;145014;226;84.5454545455;4.09090909091;11.3636363636
bitcount1;3d68f8c9f83690344cc82415dc504caedd329b40;371;56;301;393;563;527;406;618;61;270;647;600;139;384;620;690;209;126;335;10280;2392;272;1025;3.9375;17.125;145078;424;83.6363636364;3.13636363636;13.2272727273
bitcount1;40cb68e990e57a92a9967dc244dfb137dbc1c8f1;202;198;205;296;252;387;266;478;61;270;507;471;139;536;480;550;80;123;203;17788;2392;272;1025;7.75;15.5;198566;284;82.0;5.81818181818;12.1818181818
bitcount1;4324e4f9848be20024858db3edbfdc94726bc53e;155;78;253;300;252;326;205;417;61;270;446;410;222;475;419;489;48;93;141;10216;2392;272;1025;9.0;16.0625;145016;223;80.7727272727;6.77272727273;12.4545454545
bitcount1;459b773497b48281fb5b388fc9742cfb36f90f82;183;170;285;328;252;356;235;447;61;270;476;440;155;505;449;519;48;123;171;17788;2392;272;1025;8.75;15.5625;198568;253;80.8181818182;6.45454545455;12.7272727273
bitcount1;4618fc256de0a7ba3e88205a9211951c0ebb6944;235;246;173;216;569;521;421;628;61;270;664;628;139;693;630;707;49;94;143;11004;2392;272;1025;14.75;16.5;172924;441;75.5909090909;10.7727272727;13.6363636364
bitcount1;476295096beaee815ac49e2274a05a86c23f89a0;156;61;255;300;314;328;207;419;61;270;448;412;155;477;418;491;49;94;143;17980;2392;272;1025;7.0625;13.8125;198774;225;83.8181818182;5.18181818182;11.0
bitcount1;4a5ee536af1caffc0645b7139c7bf69afbab7ca0;111;64;253;300;345;328;207;419;61;270;448;412;185;477;419;491;49;94;143;10344;2392;272;1025;8.25;13.3125;145644;225;82.9090909091;6.22727272727;10.8636363636
bitcount1;4c61fb84bce12223bfefae0c2a046f839d94428a;69;88;255;304;252;330;209;421;61;270;450;414;139;479;423;493;52;93;145;10216;2392;272;1025;5.0;15.625;145014;227;83.6818181818;3.86363636364;12.4545454545
bitcount1;4cfe6c143678e7cf19fc04b8895d48581f702be8;66;72;254;301;252;328;207;419;61;270;448;412;228;477;418;491;49;94;143;10216;2392;272;1025;8.0;13.375;145014;225;82.8181818182;5.86363636364;11.3181818182
bitcount1;4f0e78a4009e02fb62a27d6387153055fa463b6b;371;56;253;409;563;527;406;618;61;270;647;600;139;384;620;690;209;126;335;10280;2392;272;1025;3.3125;16.75;145078;424;84.0454545455;2.54545454545;13.4090909091
bitcount1;516776fa0eaea4b2c182171052c036b4a909c350;177;176;254;331;305;311;180;382;61;270;478;442;173;507;358;521;49;124;173;10408;2392;272;1025;9.4375;12.875;145708;255;83.0;6.95454545455;10.0454545455
bitcount1;5646e5fa84e2fdabae0ced9563ae811a0ccdc584;155;78;253;301;252;326;205;417;61;270;446;410;224;475;419;489;49;93;142;10216;2392;272;1025;7.5625;15.8125;145014;223;81.7727272727;5.68181818182;12.5454545455
bitcount1;565a2a01ac1ce9692eba0c9c78efb279a365a0de;179;72;286;328;252;356;235;447;61;270;476;440;250;505;449;519;48;123;171;17788;2392;272;1025;10.0;16.75;198568;253;79.3636363636;7.31818181818;13.3181818182
bitcount1;5b0fb75854d44de9b353568e6d52aebc32222843;126;162;295;327;332;312;197;405;97;312;410;392;255;512;397;526;51;126;177;10408;2392;272;1025;7.5625;12.9375;145708;260;83.5909090909;5.59090909091;10.8181818182
bitcount1;5b133f4f29533c6bc1529e7bedfde089cce70c80;156;79;253;297;252;327;206;418;61;270;447;411;223;476;420;490;48;93;141;10216;2392;272;1025;8.0625;16.4375;145516;224;81.1363636364;6.04545454545;12.8181818182
bitcount1;5bf5aa96635217c67c3ce1e2ae4991523563d24f;150;147;253;300;252;326;205;417;61;270;446;410;158;475;419;489;48;93;141;10216;2392;272;1025;8.0;15.5;145014;223;81.7727272727;5.86363636364;12.3636363636
bitcount1;5cddb0960935622a6cc1f719f3e96fee8056e0e9;181;75;285;329;252;356;235;447;61;270;476;440;247;505;449;519;48;123;171;10216;2392;272;1025;8.75;15.25;145516;253;81.4545454545;6.36363636364;12.1818181818
bitcount1;5cf461f7c8f2bb0f33dc3e66b023e3a6a5c51fa4;154;79;253;299;252;326;205;417;61;270;446;410;223;475;419;489;48;93;141;10216;2392;272;1025;7.0;15.4375;145516;223;82.5;5.09090909091;12.4090909091
bitcount1;5d8b5e62f25dec24b77570285266a72781df5769;147;140;260;302;252;329;208;420;61;270;449;413;155;478;338;492;49;94;143;17852;2392;272;1025;7.0625;14.3125;198356;226;83.1818181818;5.27272727273;11.5454545455
bitcount1;6189cd3be18bd1b8a4caa46fdb3fbfcad2e7f792;69;88;258;298;252;329;208;420;61;270;449;413;139;478;422;492;50;93;143;10216;2392;272;1025;5.125;14.875;145014;226;84.3181818182;3.77272727273;11.9090909091
bitcount1;6357f120efd88d999a2601d60161fa7af66bb455;155;78;253;300;252;326;205;417;61;270;446;410;222;475;419;489;48;93;141;10216;2392;272;1025;7.625;15.4375;145014;223;82.3636363636;5.54545454545;12.0909090909
bitcount1;68e0aa39ede6e0295b53820f5e969457adf7c6b9;183;123;252;332;252;360;239;451;61;270;480;444;252;509;436;523;49;124;173;10408;2392;272;1025;8.25;14.5625;145708;257;82.5;6.04545454545;11.4545454545
bitcount1;69d569968bdf20a1a1a3b0c2546f29ca90310674;72;82;176;292;252;329;208;420;61;270;449;413;223;478;422;492;50;93;143;10216;2392;272;1025;4.875;15.3125;145014;226;84.3181818182;3.59090909091;12.0909090909
bitcount1;6a1608e30cc885c2b43320d13069c26f7ce82404;97;138;272;380;252;407;286;498;61;270;527;491;305;556;413;570;49;124;173;10216;2392;272;1025;6.1875;12.875;145516;304;84.8636363636;4.59090909091;10.5454545455
bitcount1;6b97953ad96a8f1079dbd85852b5519fd05202db;179;72;286;328;252;356;235;447;61;270;476;440;250;505;449;519;48;123;171;17788;2392;272;1025;8.9375;16.4375;198566;253;80.7727272727;6.54545454545;12.6818181818
bitcount1;6f22d82f3ff9e55a97210f7df35334120f696059;155;78;253;300;252;326;205;417;61;270;446;410;222;475;419;489;48;93;141;17788;2392;272;1025;8.3125;15.875;198276;223;80.9545454545;6.18181818182;12.8636363636
bitcount1;70b6461a24f93a2753a3bc2a5ef3d2e63028ac8a;69;88;254;302;252;329;208;420;61;270;449;413;139;478;422;492;50;93;143;17852;2392;272;1025;6.1875;15.625;198340;226;83.1818181818;4.5;12.3181818182
bitcount1;716b5c4d2759d835e8a64f133cc8b11cd2d4f47c;146;146;258;294;252;329;208;420;61;270;449;413;171;478;340;492;49;94;143;10216;2392;272;1025;7.9375;13.25;145014;226;83.7272727273;5.77272727273;10.5
bitcount1;73b0903af3e9077d48982c0fab1e12bfb79a3020;183;75;285;328;252;356;235;447;61;270;476;440;250;505;449;519;48;123;171;17788;2392;272;1025;7.625;16.6875;198550;253;81.1818181818;5.63636363636;13.1818181818
bitcount1;75959c8c2fe1f39601f5dc7cb11d8efd7817e9c9;202;171;368;353;455;416;275;527;61;281;556;520;239;585;404;599;75;109;184;12092;2392;276;1025;7.375;18.9375;174785;266;79.8181818182;5.40909090909;14.7727272727
bitcount1;75c37998d80145639e8566703a1951b264662fbe;158;79;254;303;375;339;218;430;61;270;459;404;222;395;432;502;51;96;147;10280;2392;272;1025;7.375;16.625;145580;236;81.6818181818;5.36363636364;12.9545454545
bitcount1;76dac32b1a120c3630a906b5eaf44fa57527bd5f;69;88;258;298;252;329;208;420;61;270;449;413;139;478;422;492;50;93;143;17852;2392;272;1025;6.0625;15.8125;198340;226;83.1818181818;4.40909090909;12.4090909091
bitcount1;778f0d2b5653161e2c6b021f1701df66a37f686a;151;77;255;300;252;326;205;417;61;270;446;410;222;475;419;489;48;93;141;10216;2392;272;1025;8.0;15.4375;145516;223;82.1818181818;6.0;11.8181818182
bitcount1;7a861fdd703566e9fc7c75864509755386523271;70;91;253;302;252;328;207;419;61;270;448;412;228;477;418;491;49;94;143;17852;2392;272;1025;7.625;13.875;198646;225;83.0454545455;5.59090909091;11.3636363636
bitcount1;7a92ff222031e2a251fb28cf305163c4f4225c55;153;78;255;300;252;326;205;417;61;270;446;410;222;475;419;489;48;93;141;10216;2392;272;1025;7.1875;14.9375;145516;223;82.8181818182;5.36363636364;11.8181818182
bitcount1;7ddf5f8e97087b21c3452071eb8507a70af21b0f;150;147;253;300;252;326;205;417;61;270;446;410;158;475;419;489;48;93;141;10216;2392;272;1025;8.3125;15.375;145516;223;81.6363636364;6.18181818182;12.1818181818
bitcount1;8031f1888b8127a03f743bbf5c11cf4787cdf23f;371;424;269;457;1027;991;870;1082;61;270;1111;1064;139;384;1062;1154;209;126;335;11068;2392;272;1025;4.8125;15.0625;172698;888;84.5;3.5;12.0
bitcount1;80cf51c76c47c40259b253c13891b2511c7dffc2;153;78;255;300;252;326;205;417;61;270;446;410;222;475;419;489;48;93;141;10216;2392;272;1025;7.5625;15.125;145014;223;82.5454545455;5.54545454545;11.9090909091
bitcount1;83ce8bbdde7b504d02dcfca141afab9624965c12;154;79;253;299;252;326;205;417;61;270;446;410;223;475;419;489;48;93;141;10216;2392;272;1025;7.9375;16.25;145014;223;81.3181818182;5.86363636364;12.8181818182
bitcount1;83db625e522724eb7546fdbe32fd43f053bca17f;236;246;173;215;569;521;421;628;61;270;664;628;139;693;630;707;49;94;143;11004;2392;272;1025;15.125;16.375;172634;441;76.3181818182;11.0454545455;12.6363636364
bitcount1;84d0b4e8b05caf474c2bd83447968b666382e2fa;134;121;190;283;252;309;188;400;61;270;429;393;205;458;402;472;48;93;141;10216;2392;272;1025;7.1875;16.1875;145014;206;81.7272727273;5.27272727273;13.0
bitcount1;870eb478fcc6657794c8244d70a2882048893135;68;88;252;302;252;328;207;419;61;270;448;412;228;477;418;491;49;94;143;17852;2392;272;1025;7.5;14.0625;198356;225;83.5454545455;5.54545454545;10.9090909091
bitcount1;87ae852e034c6d35297796f24cbf3228f77c52df;151;77;255;300;252;326;205;417;61;270;446;410;222;475;419;489;48;93;141;10216;2392;272;1025;7.5625;15.375;145014;223;81.7727272727;5.77272727273;12.4545454545
bitcount1;87d8acf1ad57517fb652413e4586ea1dd8d87456;112;64;253;299;345;328;207;419;61;270;448;412;185;477;419;491;49;94;143;10344;2392;272;1025;7.4375;13.125;145142;225;83.7272727273;5.54545454545;10.7272727273
bitcount1;891b3b6352c822fba31bb679230953cf8a0098bc;66;72;254;301;252;328;207;419;61;270;448;412;228;477;418;491;49;94;143;17852;2392;272;1025;7.625;14.6875;198646;225;82.6818181818;5.77272727273;11.5454545455
bitcount1;8a0aa91a560e0516fdd6098c60e0d9a00e5c9fc4;99;199;236;228;252;387;266;478;61;270;507;471;278;536;480;550;80;123;203;10216;2392;272;1025;7.625;15.375;145014;284;82.1818181818;5.68181818182;12.1363636364
bitcount1;8b0b301da3960c8291cbfe3b4864be524bc23db1;170;165;287;333;252;358;237;449;61;270;478;442;155;507;451;521;50;123;173;17852;2392;272;1025;9.3125;16.125;198340;255;80.5454545455;6.81818181818;12.6363636364
bitcount1;8b9d2d68c7a6b13318c01ab4414ebec1eaef9f14;247;245;175;213;598;550;450;640;61;270;694;658;139;723;661;737;49;124;173;11004;2392;272;1025;14.3125;15.1875;172924;471;77.0909090909;10.5909090909;12.3181818182
bitcount1;8ba1e3534a0d30247d87e206fc79dc03bfbd7f8d;66;72;254;301;252;328;207;419;61;270;448;412;228;477;418;491;49;94;143;10216;2392;272;1025;6.375;14.4375;145516;225;83.8636363636;4.86363636364;11.2727272727
bitcount1;9123efd775cb572700b899fb568e775f623ab237;138;124;189;283;252;309;188;400;61;270;429;393;205;458;402;472;48;93;141;10216;2392;272;1025;6.9375;15.875;145014;206;82.5;5.18181818182;12.3181818182
bitcount1;928eb756dc81190d9e84b5fe60ec271f8663d2b8;183;75;285;328;252;356;235;447;61;270;476;440;250;505;449;519;48;123;171;10216;2392;272;1025;9.4375;13.8125;145516;253;81.8181818182;7.04545454545;11.1363636364
bitcount1;94e407cf591b4fc735efae7dc69ae55cc5a6ed8f;183;75;283;328;252;355;234;446;61;270;475;439;250;504;448;518;48;123;171;10216;2392;272;1025;8.8125;16.0;145516;252;80.9545454545;6.45454545455;12.5909090909
bitcount1;969de42ede2d6179aad7e31f1fc02c977d695d1f;69;88;254;302;252;329;208;420;61;270;449;413;139;478;422;492;50;93;143;17852;2392;272;1025;5.0625;15.1875;198340;226;84.3636363636;3.72727272727;11.9090909091
bitcount1;9b4e0095beb3bc96756f98e76e5c9edfa4184469;156;78;253;299;252;326;205;417;61;270;446;410;222;475;419;489;48;93;141;10216;2392;272;1025;7.875;15.5625;145516;223;81.9090909091;5.81818181818;12.2727272727
bitcount1;9bf96be3ffb4102a96b92f56ca43fab52534c9a0;189;180;221;346;252;371;250;462;61;270;491;455;139;520;464;534;64;123;187;17788;2392;272;1025;7.4375;15.875;198566;268;82.0454545455;5.54545454545;12.4090909091
bitcount1;9d86c9d71e1fbf334e01a1f2af09ae1570ebd4c2;68;88;252;302;252;328;207;419;61;270;448;412;228;477;418;491;49;94;143;10216;2392;272;1025;7.875;13.75;145014;225;83.5454545455;5.81818181818;10.6363636364
bitcount1;9eb494ec9579daf4338747981f943ebc940ce5d2;70;82;256;298;252;329;208;420;61;270;449;413;139;478;422;492;50;93;143;10216;2392;272;1025;4.6875;15.9375;145014;226;84.4090909091;3.5;12.0909090909
bitcount1;9fb5f2ae6d96ff8502c5df1f41fff649e09610b0;158;79;254;303;375;339;218;430;61;270;459;404;222;395;432;502;51;96;147;10280;2392;272;1025;7.25;16.875;145078;236;81.1818181818;5.5;13.3181818182
bitcount1;a2cc08b98c6e979511e4af41bd2e6cbac98afce7;69;88;254;302;252;329;208;420;61;270;449;413;139;478;422;492;50;93;143;10216;2392;272;1025;5.5625;15.0;145014;226;83.8636363636;4.22727272727;11.9090909091
bitcount1;a459c1248054a016ebf1f528b08babbea2d40fdd;147;140;260;302;252;329;208;420;61;270;449;413;155;478;338;492;49;94;143;17852;2392;272;1025;8.625;13.0;198356;226;83.4090909091;6.31818181818;10.2727272727
bitcount1;a57563ed413815c9f64bda7f977081839b9b9333;71;91;253;301;252;329;208;420;61;270;449;413;229;478;419;492;49;94;143;10216;2392;272;1025;8.1875;13.375;145014;226;83.2272727273;6.04545454545;10.7272727273
bitcount1;a5d4a87d93fb66e2d05a3e5ea4132e49e10a350d;69;80;258;302;252;330;209;421;61;270;450;414;139;479;423;493;52;93;145;10216;2392;272;1025;6.4375;15.9375;145014;227;82.2727272727;4.90909090909;12.8181818182
bitcount1;a64d076143e52c902d3f9fe4e7f0f5d56955533c;156;79;253;297;252;327;206;418;61;270;447;411;223;476;420;490;48;93;141;10216;2392;272;1025;6.875;15.8125;145014;224;82.5;5.13636363636;12.3636363636
bitcount1;a92a38c8aa0cc79b68894c6ca0e39af833c115c6;183;75;285;328;252;356;235;447;61;270;476;440;250;505;449;519;48;123;171;10216;2392;272;1025;9.6875;15.625;145014;253;80.4090909091;7.31818181818;12.2727272727
bitcount1;acf239cec9d1ac23010607d11bfb596aeea5d0f7;155;78;253;300;252;326;205;417;61;270;446;410;222;475;419;489;48;93;141;17788;2392;272;1025;8.4375;14.8125;198278;223;82.1363636364;6.27272727273;11.5909090909
bitcount1;ad882ea4def478e9e2ab1e5e5a235dc7b232ccc5;180;75;285;330;252;356;235;447;61;270;476;440;247;505;449;519;48;123;171;10216;2392;272;1025;9.125;15.3125;145516;253;80.7272727273;6.77272727273;12.5
bitcount1;ae90a1b82d1dfcd5b9d7c318e6bde57eb758f1a0;236;246;173;215;569;521;421;628;61;270;664;628;139;693;630;707;49;94;143;11004;2392;272;1025;14.75;15.1875;172924;441;77.0909090909;10.7727272727;12.1363636364
bitcount1;b4bf6fb2c4d1e16335f72d843a403638d4efddfa;155;78;253;300;252;326;205;417;61;270;446;410;222;475;419;489;48;93;141;10216;2392;272;1025;7.8125;15.4375;145518;223;81.8181818182;5.90909090909;12.2727272727
bitcount1;b5c54f91bb3d39888781a09b0a76aaede02aead4;156;78;253;299;252;326;205;417;61;270;446;410;222;475;419;489;48;93;141;10216;2392;272;1025;7.0;14.9375;145518;223;82.9545454545;5.13636363636;11.9090909091
bitcount1;b6163a3f696b5b19c71f3d39d5f72d3c2a91e6af;69;80;256;303;252;328;207;419;61;270;448;412;139;477;421;491;50;93;143;10216;2392;272;1025;5.5;14.9375;145014;225;84.0;4.13636363636;11.8636363636
bitcount1;b6585c35c52d0dcc90214644e387b49860f305ed;179;72;286;328;252;356;235;447;61;270;476;440;250;505;449;519;48;123;171;10216;2392;272;1025;8.625;15.75;145516;253;81.2272727273;6.36363636364;12.4090909091
bitcount1;b77052fcb7423a08b65790a610f5e2bcd10a36f0;71;81;257;306;377;341;220;432;61;270;461;406;139;395;434;504;53;96;149;10280;2392;272;1025;6.1875;15.875;145078;238;83.0909090909;4.54545454545;12.3636363636
bitcount1;b7a38ff2a3767ec74c0e8c97021e5dd2f784eb08;69;88;254;302;252;329;208;420;61;270;449;413;139;478;422;492;50;93;143;10216;2392;272;1025;5.0;15.75;145516;226;83.5454545455;3.68181818182;12.7727272727
bitcount1;bba17ac5443963b8e664f14e7cab8cda6187a7d4;180;74;285;329;252;356;235;447;61;270;476;440;247;505;449;519;48;123;171;17788;2392;272;1025;8.875;16.5;198550;253;80.4090909091;6.59090909091;13.0
bitcount1;bd028c041332e702fe069ed2761908aedce305da;179;72;284;332;405;369;248;460;61;270;489;440;247;386;462;532;51;126;177;10280;2392;272;1025;8.25;15.625;145580;266;81.4545454545;6.04545454545;12.5
bitcount1;bdba9fcb08ba7a8061426a7d32332a242410da51;371;56;253;409;563;527;406;618;61;270;647;600;139;384;620;690;209;126;335;17916;2392;272;1025;3.3125;17.0625;198706;424;84.0;2.45454545455;13.5454545455
bitcount1;bf038f9255924b16352133154e1ac4202297cf94;184;170;285;327;252;356;235;447;61;270;476;440;155;505;449;519;48;123;171;17788;2392;272;1025;9.4375;15.0;198566;253;81.5;6.86363636364;11.6363636364
bitcount1;bfad6f285868e8312156ce3f514eeec5790fb9d7;69;88;255;304;252;328;207;419;61;270;448;412;139;477;421;491;50;93;143;17852;2392;272;1025;6.8125;14.8125;198340;225;83.3181818182;4.95454545455;11.7272727273
bitcount1;c22180f00ff198269359d724a23230743afc8468;203;95;365;358;455;416;275;527;61;281;556;520;248;585;468;599;75;109;184;12092;2392;276;1025;7.75;19.5;174785;266;78.7272727273;5.81818181818;15.4545454545
bitcount1;c28f39ce1f16e1e07b442f2f4d39ab63ee2fa988;183;75;285;328;252;356;235;447;61;270;476;440;250;505;449;519;48;123;171;17788;2392;272;1025;9.3125;16.125;198566;253;80.5;6.86363636364;12.6363636364
bitcount1;c3bf41f25afa3b651963df4e7b98abf1ad815064;156;78;253;299;252;326;205;417;61;270;446;410;222;475;419;489;48;93;141;10216;2392;272;1025;8.25;15.5;145014;223;81.3181818182;6.22727272727;12.4545454545
bitcount1;c55657df2dcd542c117661d06c6b1cdd10ae9141;155;78;253;300;252;326;205;417;61;270;446;410;222;475;419;489;48;93;141;10216;2392;272;1025;7.8125;15.9375;145516;223;81.2727272727;5.95454545455;12.7727272727
bitcount1;c710ef53583a16c22fa85b99e49e3a11149cb685;138;124;189;283;252;309;188;400;61;270;429;393;205;458;402;472;48;93;141;10216;2392;272;1025;6.4375;15.125;145014;206;83.1363636364;4.68181818182;12.1818181818
bitcount1;c8e4528dc19fc50eaef5be351fa6eff894517e1f;69;88;255;304;377;341;220;432;61;270;461;415;139;383;434;504;53;96;149;10280;2392;272;1025;5.3125;16.0625;145078;238;83.1818181818;4.13636363636;12.6818181818
bitcount1;c9b5b7e238a98549c726a227d520c02985cb8aca;180;75;285;330;252;356;235;447;61;270;476;440;247;505;449;519;48;123;171;17788;2392;272;1025;8.5;15.5;198566;253;81.3636363636;6.18181818182;12.4545454545
bitcount1;c9ed2e339ce06491a886ff6062a231ca59a0ebe2;203;95;365;358;455;416;275;527;61;281;556;520;248;585;468;599;75;109;184;12092;2392;276;1025;6.875;19.3125;175287;266;80.0909090909;5.09090909091;14.8181818182
bitcount1;cbced0f4cdd62aa48a4324a7d9d928950c0a4f3d;155;78;253;300;252;326;205;417;61;270;446;410;222;475;419;489;48;93;141;10216;2392;272;1025;8.3125;15.375;145016;223;81.8181818182;6.22727272727;11.9545454545
bitcount1;cd0175ab85682d1b817db5dc0c4c14b6b9d9c88b;86;146;258;302;252;328;207;419;61;270;448;412;222;477;421;491;48;93;141;17852;2392;272;1025;8.375;16.8125;198340;225;80.3636363636;6.18181818182;13.4545454545
bitcount1;d56d814f532e1ede95af509e28dfcb0fa3c5f62e;180;74;285;329;252;356;235;447;61;270;476;440;247;505;449;519;48;123;171;10216;2392;272;1025;8.75;15.5625;145516;253;81.3636363636;6.40909090909;12.2272727273
bitcount1;d6ea222af5382432d02b8cb4ea9e016558cd12a4;198;185;300;343;252;370;249;461;61;270;490;454;155;519;463;533;48;123;171;10216;2392;272;1025;9.8125;15.4375;145516;267;80.3636363636;7.18181818182;12.4545454545
bitcount1;d86211b1455f6f266816d98737443ba5add2eda7;150;147;253;300;252;326;205;417;61;270;446;410;158;475;419;489;48;93;141;10216;2392;272;1025;7.125;15.6875;145016;223;82.1363636364;5.22727272727;12.6363636364
bitcount1;d89ab7158e5719ded5cd47465eef8d34cacc30ea;184;170;285;327;252;356;235;447;61;270;476;440;155;505;449;519;48;123;171;17788;2392;272;1025;10.5625;15.9375;198566;253;79.5909090909;7.72727272727;12.6818181818
bitcount1;daa0ae0bdca2448efa6f6df8f0084eb5c6cb7541;80;165;285;329;311;297;182;400;133;270;478;442;251;507;398;521;49;124;173;10408;2392;272;1025;9.1875;13.375;145708;255;82.5909090909;6.86363636364;10.5454545455
bitcount1;dc00521777afe02b39369b46190aa2c9149f818a;150;147;253;300;252;326;205;417;61;270;446;410;158;475;419;489;48;93;141;17788;2392;272;1025;9.3125;15.8125;198276;223;80.4090909091;6.86363636364;12.7272727273
bitcount1;dc83b385dd12389ccd969e6a5ff8fa0662701098;183;75;285;328;252;356;235;447;61;270;476;440;250;505;449;519;48;123;171;10216;2392;272;1025;9.5625;14.8125;145516;253;81.3181818182;7.04545454545;11.6363636364
bitcount1;dcf493e0ec354c02a581eb1ed943b36a7373df34;138;124;189;283;252;309;188;400;61;270;429;393;205;458;402;472;48;93;141;17788;2392;272;1025;6.3125;15.25;198550;206;83.5454545455;4.63636363636;11.8181818182
bitcount1;dd2e1520d23417546e11f4ef1ace7ca352f42948;112;64;253;299;345;328;207;419;61;270;448;412;185;477;419;491;49;94;143;10344;2392;272;1025;7.6875;13.3125;145644;225;83.8636363636;5.72727272727;10.4090909091
bitcount1;dd72ba3e5cf3979b2022f1fe27b3a46f2b454a9d;155;78;253;300;252;326;205;417;61;270;446;410;222;475;419;489;48;93;141;17788;2392;272;1025;8.9375;14.8125;198550;223;81.7727272727;6.59090909091;11.6363636364
bitcount1;e106c75d4d268e5f8eef27fe271de07f76b01b22;371;424;269;457;1027;991;870;1082;61;270;1111;1064;139;384;1062;1154;209;126;335;18044;2392;272;1025;5.5625;14.1875;210365;888;84.5909090909;4.18181818182;11.2272727273
bitcount1;e1747d18b6fb8fe3c10849c92e9e4620adeeb2a7;63;124;191;286;252;313;192;404;61;270;433;397;139;462;406;476;52;93;145;10216;2392;272;1025;4.625;15.5625;145014;210;84.0;3.54545454545;12.4545454545
bitcount1;e2468acb672e54230231a86a509d9061e86ae107;160;79;254;301;375;339;218;430;61;270;459;404;222;395;432;502;51;96;147;10280;2392;272;1025;7.125;15.875;145580;236;82.0909090909;5.31818181818;12.5909090909
bitcount1;e252612f057875186d275342f7298cfe603f0805;155;78;253;300;252;326;205;417;61;270;446;410;222;475;419;489;48;93;141;10216;2392;272;1025;7.375;15.8125;145014;223;81.9545454545;5.40909090909;12.6363636364
bitcount1;e46c77b05d34be95aee8c02cb7d1f12eb875b466;69;88;254;302;252;329;208;420;61;270;449;413;139;478;422;492;50;93;143;17852;2392;272;1025;5.3125;15.6875;198332;226;83.9545454545;4.0;12.0454545455
bitcount1;ed75b29472d5d808ff363606a374de595b586770;155;78;253;300;252;326;205;417;61;270;446;410;224;475;419;489;48;93;141;10216;2392;272;1025;8.4375;15.3125;145516;223;81.9545454545;6.18181818182;11.8636363636
bitcount1;ee66fe559c06e6d85c5f1cbc3a35f1aee259ec46;430;438;372;514;1123;1077;936;1188;61;281;1217;1173;152;456;1116;1260;236;139;375;18812;2392;276;1025;4.8125;15.3125;238044;927;84.0;3.72727272727;12.2727272727
bitcount1;f421c106166480aaf81971df5c2161d4bfeb3cd8;183;75;285;328;252;356;235;447;61;270;476;440;249;505;449;519;48;123;171;10216;2392;272;1025;8.875;16.0625;145516;253;81.1363636364;6.5;12.3636363636
bitcount1;f4edfc876da65c2177a4f4607a2561c42237b658;104;104;362;356;459;421;280;532;61;281;561;525;152;590;378;604;79;109;188;12156;2392;276;1025;4.1875;16.6875;174849;271;83.7272727273;3.09090909091;13.1818181818
bitcount1;f76459f0a3f72aa3d9e3d33d86f830cd521b6981;180;75;285;329;252;356;235;447;61;270;476;440;250;505;449;519;49;123;172;10216;2392;272;1025;9.5625;16.375;145516;253;80.1818181818;7.04545454545;12.7727272727
bitcount1;fb549fe04b016d007c7592dc9def178b2fd73a90;151;75;254;300;252;326;205;417;61;270;446;410;222;475;419;489;48;93;141;10216;2392;272;1025;7.1875;16.5;145014;223;81.5909090909;5.40909090909;13.0
bitcount1;fd890faefea4f6eb8f160fe3a1f544d52ca05661;235;246;173;216;569;521;421;628;61;270;664;628;139;693;630;707;49;94;143;11004;2392;272;1025;15.0;16.25;172634;441;76.0909090909;11.0454545455;12.8636363636
bitcount1;fe511299245129ec4fec7e76568de8dd5aaf3af1;371;56;253;409;563;527;406;618;61;270;647;600;139;384;620;690;209;126;335;17916;2392;272;1025;3.9375;15.1875;198416;424;85.0454545455;3.0;11.9545454545
